{"cameraMode":{"drawMode":0,"name":"Shaded","section":"Shading Mode"},"sceneLighting":true,"audioPlay":false,"sceneViewState":{"showFog":true,"showMaterialUpdate":false,"showSkybox":true,"showFlares":true,"showImageEffects":true,"showParticleSystems":true},"in2DMode":false,"pivot":{"x":1409.8170166015625,"y":786.746337890625,"z":-90.9311752319336},"rotation":{"x":0.00026068586157634854,"y":0.9765037298202515,"z":-0.0011815049219876528,"w":0.2154971957206726},"size":1051.521240234375,"orthographic":false}